Workbook

Sheet Dashboard
A1: Start Pray ?????? | F1: Release / Git
A2: ???? | B2: 2026-03-14
F3: Current Branch | G3: main
A4: ?? KPI | F4: Current Commit | G4: dee4b64
A5: ???? | B5: =COUNTA(Tasks!A:A)-1 | F5: Latest Tag | G5: v2
A6: ??? | B6: =COUNTIF(Tasks!E:E,"Done") | F6: Snapshot Date | G6: 2026-05-10 19:36:25
A7: ??? | B7: =COUNTIF(Tasks!E:E,"In Progress")
A8: ?? | B8: =COUNTIF(Tasks!E:E,"Blocked") | F8: Release KPI
A9: ????? | B9: =IFERROR(B5/B3,0) | F9: Total Releases | G9: =COUNTA(Release_Tracker!A:A)-1
F10: Active Releases | G10: =COUNTIF(Release_Tracker!D:D,"In Progress")
A11: ????? | F11: Done Releases | G11: =COUNTIF(Release_Tracker!D:D,"Done")
A12: Priority | B12: Total | C12: Done | D12: Completion | F12: Release Completion | G12: =IFERROR(G11/G9,0)
A13: P0 | B13: =COUNTIF(Tasks!D:D,"P0") | C13: =COUNTIFS(Tasks!D:D,"P0",Tasks!E:E,"Done") | D13: =IFERROR(C13/B13,0)
A14: P1 | B14: =COUNTIF(Tasks!D:D,"P1") | C14: =COUNTIFS(Tasks!D:D,"P1",Tasks!E:E,"Done") | D14: =IFERROR(C14/B14,0)
A15: P2 | B15: =COUNTIF(Tasks!D:D,"P2") | C15: =COUNTIFS(Tasks!D:D,"P2",Tasks!E:E,"Done") | D15: =IFERROR(C15/B15,0)
A18: ????
A19: Domain | B19: Total | C19: Done | D19: Completion
A20: Frontend | B20: =COUNTIF(Tasks!B:B,"Frontend") | C20: =COUNTIFS(Tasks!B:B,"Frontend",Tasks!E:E,"Done") | D20: =IFERROR(C20/B20,0)
A21: Admin | B21: =COUNTIF(Tasks!B:B,"Admin") | C21: =COUNTIFS(Tasks!B:B,"Admin",Tasks!E:E,"Done") | D21: =IFERROR(C21/B21,0)
A26: 前台優先小修版改造 + 安全/架構優化路線圖
A27: Summary
A28: 你選擇的策略：先做前台體驗、第一階段只做小修補、後台先下架未完成頁，同時要清楚列出安全與架構優化路線。
A29: 盤點後的高風險不合理點（需納入路線）：
A30: 1. 客戶端可偽造登入身分（auth-storage.js、server-session.js）。
A31: 2. 公開 API 存在敏感資料外洩/越權風險（api/users/route.js、api/responses/[homeCardId]/route.js、api/home-cards/route.js）。
A32: 3. 前台樣式層過度膨脹與重疊（globals.css 約 7.6k 行，主題檔重複定義），影響美觀一致性與維護。
A33: 4. 後台資訊架構混雜真/假頁面（analytics/finance/moderation/support 為 mock），降低管理可信度。
A34: 5. API 存在舊版殘留與失配（/api/prayers*、/api/PrayerResponse、/api/home-cards/[id]）。
A35: Implementation Changes
A36: 第一階段（前台小修補，2-3 週，先做）
A37: 1. 視覺一致性小修：統一首頁、祈禱牆、詳情頁的字級、留白、按鈕層級與卡片密度，不重做版型。
... A60: 4. 不變更品牌核心定位與主要內容語言（維持現有中文主體）。

Sheet Top_UX
A1: ID | B1: ?? | C1: ???? | D1: ??? | E1: ??% | F1: ???? | G1: ???
A2: UX-01 | B2: 首屏主流程不清楚，使用者不知道第一步該做什麼 | C2: `/prayfor` | D2: P0 | E2: 10 | F2: 問題已確認，待版型重排 | G2: 確定首屏只留 1 主 CTA + 1 次 CTA
A3: UX-02 | B3: 搜尋與卡片牆出現太晚，使用者要滑很久才進入主任務 | C3: `/prayfor` | D3: P0 | E3: 10 | F3: 問題已確認，尚未改版 | G3: 將搜尋/熱門牆前移到 hero 後第一區塊
A4: UX-03 | B4: 登入/忘記密碼流程訊息矛盾，造成中斷感 | C4: `/login` `/forgot-password` | D4: P0 | E4: 15 | F4: 問題已確認，流程未修正 | G4: 恢復 forgot-password 頁並更新登入頁文案
A5: UX-04 | B5: 詳情頁操作元素過多，主任務優先順序不清楚 | C5: `/prayfor/[id]` | D5: P0 | E5: 10 | F5: 問題已確認，互動未收斂 | G5: 調整為「播放/回應/延伸瀏覽」三層 CTA
A6: UX-05 | B6: 手機版固定元件（header/播放器/浮動切換）互相搶空間 | C6: `/prayfor` `/prayfor/[id]` | D6: P1 | E6: 10 | F6: 問題已確認，待行動版重排 | G6: 移除詳情頁浮動切換，播放器改 mini 模式
A7: UX-06 | B7: 後台手機版側欄與大表格可用性不足 | C7: `/admin/*` | D7: P1 | E7: 10 | F7: 問題已確認，尚未實作 | G7: 補 mobile sidebar toggle 與表格行動版策略
A8: UX-07 | B8: 後台導覽與頁面真實性不一致（示意頁混在正式流程） | C8: `/admin/*` | D8: P0 | E8: 20 | F8: 已盤點哪些頁為示意資料 | G8: 導覽拆分「正式可用 / 規劃中」
A9: UX-08 | B9: 後台操作回饋風格不一致（alert/confirm/inline 混用） | C9: `/admin/*` | D9: P1 | E9: 10 | F9: 問題已確認 | G9: 定義統一 toast + confirm dialog 規範

Sheet Tasks
A1: Task ID | B1: Domain | C1: Task | D1: Priority | E1: Status | F1: Progress% | G1: Owner | H1: Next Action | I1: Source | J1: Last Updated | K1: Notes | L1: Release | M1: Git Version
A2: TASK-001 | B2: Frontend | C2: 恢復 `/forgot-password` 實際頁面，不再 redirect 到 `/login` | D2: P0 | E2: Not Started | F2: 0 | I2: TODO0314 section 5 | J2: 2026-03-14
A3: TASK-002 | B3: Frontend | C3: 在登入頁加入明確的「忘記密碼？」入口 | D3: P0 | E3: Not Started | F3: 0 | I3: TODO0314 section 5 | J3: 2026-03-14
A4: TASK-003 | B4: Frontend | C4: 移除登入頁錯誤文案「忘記密碼功能暫停中」 | D4: P0 | E4: Not Started | F4: 0 | I4: TODO0314 section 5 | J4: 2026-03-14
A5: TASK-004 | B5: Frontend | C5: 統一網站品牌命名 `Start Pray / Prayer Coin / Let's Pray` | D5: P0 | E5: Not Started | F5: 0 | I5: TODO0314 section 5 | J5: 2026-03-14
A6: TASK-005 | B6: Frontend | C6: 修正首頁與導覽資訊架構，確認 `/` 的角色 | D6: P0 | E6: Not Started | F6: 0 | I6: TODO0314 section 5 | J6: 2026-03-14
A7: TASK-006 | B7: Frontend | C7: 將首頁 CTA 全數導向有效且一致的產品流程 | D7: P0 | E7: Not Started | F7: 0 | I7: TODO0314 section 5 | J7: 2026-03-14
A8: TASK-007 | B8: Frontend | C8: 將搜尋與熱門牆前移到首頁更前段的位置 | D8: P0 | E8: Not Started | F8: 0 | I8: TODO0314 section 5 | J8: 2026-03-14
A9: TASK-008 | B9: Frontend | C9: 移除或補齊詳情頁 `關注` 按鈕功能 | D9: P0 | E9: Not Started | F9: 0 | I9: TODO0314 section 5 | J9: 2026-03-14
A10: TASK-009 | B10: Frontend | C10: 下架未上線的安全承諾與功能描述 | D10: P0 | E10: Not Started | F10: 0 | I10: TODO0314 section 5 | J10: 2026-03-14
A11: TASK-010 | B11: Frontend | C11: 重新定義詳情頁主 CTA 優先順序 | D11: P0 | E11: Not Started | F11: 0 | I11: TODO0314 section 5 | J11: 2026-03-14
A12: TASK-011 | B12: Admin | C12: 後台登入改為伺服器端 session 驗證，不再只靠 `sessionStorage` | D12: P0 | E12: Not Started | F12: 0 | I12: TODO0314 section 5 | J12: 2026-03-14
A13: TASK-012 | B13: Admin | C13: 移除登入頁硬編碼 2FA 驗證碼（目前為固定值），改為真實 OTP 流程 | D13: P0 | E13: Not Started | F13: 0 | I13: TODO0314 section 5 | J13: 2026-03-14
... A17: TASK-016 | B17: Admin | C17: 移除或明確標示尚未上線的示意頁（analytics / finance / moderation / support） | D17: P0 | E17: Not Started | F17: 0 | I17: TODO0314 section 5 | J17: 2026-03-14
A18: TASK-017 | B18: Frontend | C18: 將首頁重新整理為 2 個主要 CTA + 3 條清楚主流程 | D18: P1 | E18: Done | F18: 100 | G18: Codex | H18: Validate CTA conversion and scroll depth after release. | I18: TODO0314 section 5 | J18: 2026-03-14 | K18: Prayfor landing rebuilt with 2 hero CTAs and 3 explicit entry flows. | L18: R1-P1P2 | M18: c85c8b0
A19: TASK-018 | B19: Frontend | C19: 縮短 Hero 高度，首屏直接露出搜尋區或部分卡片 | D19: P1 | E19: Done | F19: 100 | G19: Codex | H19: Collect mobile bounce-rate delta after deploy. | I19: TODO0314 section 5 | J19: 2026-03-14 | K19: Hero height reduced for desktop/mobile to expose below-fold content earlier. | L19: R1-P1P2 | M19: c85c8b0
A20: TASK-019 | B20: Frontend | C20: 把搜尋 debounce 從 2000ms 降到 300-500ms | D20: P1 | E20: Done | F20: 100 | G20: Codex | H20: Monitor search metrics and typo tolerance tuning. | I20: TODO0314 section 5 | J20: 2026-03-14 | K20: Debounce lowered to 450ms in HomePrayerExplorer. | L20: R1-P1P2 | M20: c85c8b0
A21: TASK-020 | B21: Frontend | C21: 增加搜尋空狀態的導引與推薦分類 | D21: P1 | E21: Done | F21: 100 | G21: Codex | H21: A/B test empty-state wording and click-through. | I21: TODO0314 section 5 | J21: 2026-03-14 | K21: Added no-result guidance, fallback category chips, and popular wall shortcut. | L21: R1-P1P2 | M21: c85c8b0
A22: TASK-021 | B22: Frontend | C22: 強化卡片資訊層級：標題、類別、回應數、最近更新 | D22: P1 | E22: Not Started | F22: 0 | I22: TODO0314 section 5 | J22: 2026-03-14
A23: TASK-022 | B23: Frontend | C23: 簡化手機版詳情頁浮動元素 | D23: P1 | E23: Done | F23: 100 | G23: Codex | H23: Validate mobile interaction on real devices. | I23: TODO0314 section 5 | J23: 2026-03-14 | K23: Mobile floating prev/next arrows disabled; added inline previous/next cards block. | L23: R1-P1P2 | M23: c85c8b0
A24: TASK-023 | B24: Frontend | C24: 將播放器改成低干擾 mini player 方案 | D24: P1 | E24: Not Started | F24: 0 | I24: TODO0314 section 5 | J24: 2026-03-14
A25: TASK-024 | B25: Frontend | C25: 將會員中心改成分頁式或分段摘要式資訊架構 | D25: P1 | E25: Not Started | F25: 0 | I25: TODO0314 section 5 | J25: 2026-03-14
A26: TASK-025 | B26: Frontend | C26: 清理 `/legacy` 圖片與舊連結依賴 | D26: P1 | E26: In Progress | F26: 65 | G26: Codex | H26: Purge remaining /legacy image usage from non-critical pages. | I26: TODO0314 section 5 | J26: 2026-03-14 | K26: Removed key legacy dependencies in site chrome/admin logos and prayfor landing. | L26: R1-P1P2 | M26: c85c8b0
A27: TASK-026 | B27: Frontend | C27: 收斂 header 與 mobile override CSS | D27: P1 | E27: Not Started | F27: 0 | I27: TODO0314 section 5 | J27: 2026-03-14
A28: TASK-027 | B28: Frontend | C28: 精簡註冊欄位，降低初次註冊負擔 | D28: P1 | E28: Done | F28: 100 | G28: Codex | H28: Consider step-2 profile completion prompt in portal. | I28: TODO0314 section 5 | J28: 2026-03-14 | K28: Faith/country changed to optional in signup form + API. | L28: R1-P1P2 | M28: c85c8b0
A29: TASK-028 | B29: Admin | C29: 修復手機版側欄導覽（目前 CSS 有 `.is-open` 規則但缺少實際切換機制） | D29: P1 | E29: Done | F29: 100 | G29: Codex | H29: Run device QA for focus trap/overlay close behavior. | I29: TODO0314 section 5 | J29: 2026-03-14 | K29: Admin layout now has mobile sidebar toggle + backdrop + close-on-navigation. | L29: R1-P1P2 | M29: c85c8b0
A30: TASK-029 | B30: Admin | C30: 將管理頁大表格改為可橫向滑動或卡片模式，避免手機版不可讀 | D30: P1 | E30: Done | F30: 100 | G30: Codex | H30: Apply same table-wrap pattern to any new admin table module. | I30: TODO0314 section 5 | J30: 2026-03-14 | K30: Introduced admin-table-wrap and applied to prayfor/prayerresponse/users/content tables. | L30: R1-P1P2 | M30: c85c8b0
A31: TASK-030 | B31: Admin | C31: 合併 `/admin/content` 與 `/admin/marketing` 的 Banner 編輯來源，避免雙入口衝突 | D31: P1 | E31: Done | F31: 100 | G31: Codex | H31: Remove stale links/references to old marketing editor in docs if any. | I31: TODO0314 section 5 | J31: 2026-03-14 | K31: Admin marketing route now redirects to content; single banner editing source retained. | L31: R1-P1P2 | M31: c85c8b0
A32: TASK-031 | B32: Admin | C32: 將搜尋改為明確 debounce（目前多頁為每次輸入即觸發查詢） | D32: P1 | E32: In Progress | F32: 80 | G32: Codex | H32: Audit remaining admin pages with search to ensure debounce parity. | I32: TODO0314 section 5 | J32: 2026-03-14 | K32: Added shared useDebouncedValue hook and applied on prayfor/prayerresponse/users filters. | L32: R1-P1P2 | M32: c85c8b0
A33: TASK-032 | B33: Admin | C33: 統一後台文案與狀態字詞（中英混用、語氣不一致） | D33: P1 | E33: In Progress | F33: 60 | G33: Codex | H33: Continue copy pass on secondary admin pages (log/settings/wallet alerts). | I33: TODO0314 section 5 | J33: 2026-03-14 | K33: Admin login/layout and moderation status labels normalized to consistent Traditional Chinese wording. | L33: R1-P1P2 | M33: c85c8b0
A34: TASK-033 | B34: Admin | C34: 將「存在路由但無導覽入口」的頁面整併到清楚資訊架構 | D34: P1 | E34: In Progress | F34: 55 | G34: Codex | H34: Review remaining hidden admin routes and decide merge/remove strategy. | I34: TODO0314 section 5 | J34: 2026-03-14 | K34: Added home-categories into admin nav and collapsed marketing editing entry via redirect. | L34: R1-P1P2 | M34: c85c8b0
A35: TASK-034 | B35: Frontend | C35: 檢查鍵盤操作與閱讀器焦點流程 | D35: P2 | E35: In Progress | F35: 35 | G35: Codex | H35: Run full keyboard-flow audit across header menu, player, comments, and admin tables. | I35: TODO0314 section 5 | J35: 2026-03-14 | K35: Added aria-live regions and focus-visible styles for new search and action controls. | L35: R1-P1P2 | M35: c85c8b0
A36: TASK-035 | B36: Frontend | C36: 補齊成功 / 錯誤 / 載入狀態的一致 UI | D36: P2 | E36: In Progress | F36: 30 | G36: Codex | H36: Unify toast/inline status patterns across auth, detail, and admin actions. | I36: TODO0314 section 5 | J36: 2026-03-14 | K36: Search/loading/empty states now expose consistent status semantics in explorer section. | L36: R1-P1P2 | M36: c85c8b0
A37: TASK-036 | B37: Frontend | C37: 建立視覺設計 token 與元件規格 | D37: P2 | E37: Not Started | F37: 0 | I37: TODO0314 section 5 | J37: 2026-03-14
A38: TASK-037 | B38: Frontend | C38: 補充 FAQ / 平台運作說明 / 聯絡方式 / 條款入口 | D38: P2 | E38: Not Started | F38: 0 | I38: TODO0314 section 5 | J38: 2026-03-14
A39: TASK-038 | B39: Admin | C39: 建立後台設計規範（表單、表格、狀態、對話框、通知） | D39: P2 | E39: Not Started | F39: 0 | I39: TODO0314 section 5 | J39: 2026-03-14
A40: TASK-039 | B40: Admin | C40: 補齊 admin 操作審計可視化與異常警示（不只寫 log，還要可追蹤） | D40: P2 | E40: Not Started | F40: 0 | I40: TODO0314 section 5 | J40: 2026-03-14

Sheet Weekly_Log
A1: Date | B1: Summary | C1: Completed Task IDs | D1: Risks / Blockers | E1: Next Week Plan | F1: Owner
A2: 2026-03-14 | B2: ??????
A3: 2026-03-14 08:39:41 | B3: [AUTO] Manual sync: main @ c85c8b0 | E3: Update task status and release mapping. | F3: git-hook
A4: 2026-03-14 08:39:50 | B4: [AUTO] Push recorded: main @ c85c8b0 | E4: Review release status and deployment result. | F4: git-hook
A5: 2026-03-14 08:40:15 | B5: [AUTO] Manual sync: main @ c85c8b0 | E5: Update task status and release mapping. | F5: git-hook
A6: 2026-03-14 08:53:31 | B6: [AUTO] Manual sync: main @ c85c8b0 | E6: Update task status and release mapping. | F6: git-hook
A7: 2026-03-14 09:17:48 | B7: [AUTO] Manual sync: main @ c85c8b0 | E7: Update task status and release mapping. | F7: git-hook
A8: 2026-03-14 10:38:03 | B8: [AUTO] Manual sync: main @ c85c8b0 | E8: Update task status and release mapping. | F8: git-hook
A9: 2026-03-14 11:10:44 | B9: [AUTO] Manual sync: main @ c85c8b0 | E9: Update task status and release mapping. | F9: git-hook
A10: 2026-03-14 11:11:32 | B10: [AUTO] Manual sync: main @ c85c8b0 | E10: Update task status and release mapping. | F10: git-hook
A11: 2026-03-14 12:48:51 | B11: [AUTO] Manual sync: main @ c85c8b0 | E11: Update task status and release mapping. | F11: git-hook
A12: 2026-03-15 14:21:40 | B12: [AUTO] Manual sync: main @ c85c8b0 | E12: Update task status and release mapping. | F12: git-hook
A13: 2026-03-21 15:20:22 | B13: [AUTO] Commit recorded: main @ ea30eb9 | E13: Continue task updates and prepare push. | F13: git-hook
A14: 2026-03-21 15:53:04 | B14: [AUTO] Commit recorded: main @ 9ac4d0b | E14: Continue task updates and prepare push. | F14: git-hook
... A28: 2026-05-10 19:36:25 | B28: [AUTO] Commit recorded: main @ dee4b64 | E28: Continue task updates and prepare push. | F28: git-hook

Sheet Release_Tracker
A1: Release ID | B1: Release Name | C1: Planned Date | D1: Status | E1: Scope | F1: Owner | G1: Start Git | H1: Target Git | I1: Actual Git | J1: Notes
A2: REL-2026-03 | B2: UX Priority Batch | C2: 2026-03-14 | D2: Planned | E2: Top UX + Admin UX | I2: c85c8b0 | J2: Initial tracking row

Sheet Push_Log
A1: Timestamp | B1: Event | C1: Branch | D1: Commit | E1: Tag | F1: Commit Message | G1: Remote | H1: Refs
A2: 2026-03-14 08:39:41 | B2: manual | C2: main | D2: c85c8b0 | E2: (no tag) | F2: feat: improve player visibility, mobile UX, and zh copy | G2: https://github.com/dan40912/prayer-coin.git
A3: 2026-03-14 08:39:50 | B3: push | C3: main | D3: c85c8b0 | E3: (no tag) | F3: feat: improve player visibility, mobile UX, and zh copy | G3: https://github.com/dan40912/prayer-coin.git | H3: refs/heads/main c85c8b0 refs/heads/main c85c8b0
A4: 2026-03-14 08:40:15 | B4: manual | C4: main | D4: c85c8b0 | E4: (no tag) | F4: feat: improve player visibility, mobile UX, and zh copy | G4: https://github.com/dan40912/prayer-coin.git
A5: 2026-03-14 08:53:31 | B5: manual | C5: main | D5: c85c8b0 | E5: (no tag) | F5: feat: improve player visibility, mobile UX, and zh copy | G5: https://github.com/dan40912/prayer-coin.git
A6: 2026-03-14 09:17:48 | B6: manual | C6: main | D6: c85c8b0 | E6: (no tag) | F6: feat: improve player visibility, mobile UX, and zh copy | G6: https://github.com/dan40912/prayer-coin.git
A7: 2026-03-14 10:38:03 | B7: manual | C7: main | D7: c85c8b0 | E7: (no tag) | F7: feat: improve player visibility, mobile UX, and zh copy | G7: https://github.com/dan40912/prayer-coin.git
A8: 2026-03-14 11:10:44 | B8: manual | C8: main | D8: c85c8b0 | E8: (no tag) | F8: feat: improve player visibility, mobile UX, and zh copy | G8: https://github.com/dan40912/prayer-coin.git
A9: 2026-03-14 11:11:32 | B9: manual | C9: main | D9: c85c8b0 | E9: (no tag) | F9: feat: improve player visibility, mobile UX, and zh copy | G9: https://github.com/dan40912/prayer-coin.git
A10: 2026-03-14 12:48:51 | B10: manual | C10: main | D10: c85c8b0 | E10: (no tag) | F10: feat: improve player visibility, mobile UX, and zh copy | G10: https://github.com/dan40912/prayer-coin.git
A11: 2026-03-15 14:21:40 | B11: manual | C11: main | D11: c85c8b0 | E11: (no tag) | F11: feat: improve player visibility, mobile UX, and zh copy | G11: https://github.com/dan40912/prayer-coin.git
A12: 2026-03-21 15:20:22 | B12: commit | C12: main | D12: ea30eb9 | E12: (no tag) | F12: chore: sync latest portal, player, and home updates | G12: https://github.com/dan40912/prayer-coin.git
A13: 2026-03-21 15:53:04 | B13: commit | C13: main | D13: 9ac4d0b | E13: (no tag) | F13: fix: restore logo path and harden prayer audio playback | G13: https://github.com/dan40912/prayer-coin.git
A14: 2026-03-21 17:40:55 | B14: commit | C14: main | D14: 9d00e9c | E14: (no tag) | F14: fix: stabilize prayfor audio and mobile header/player UI | G14: https://github.com/dan40912/prayer-coin.git
A15: 2026-03-24 23:37:09 | B15: commit | C15: main | D15: d320697 | E15: (no tag) | F15: feat(admin): roll out 2FA security hardening and console UX upgrades | G15: https://github.com/dan40912/prayer-coin.git
... A27: 2026-05-10 19:36:25 | B27: commit | C27: main | D27: dee4b64 | E27: v2 | F27: Update Start Pray docs and public UI | G27: https://github.com/dan40912/Start-Pray.git
